fe6deadfa3fd	일기 덮기
1a2285d8881f	그만두기
e84712fbf4ee	돌아가기
88c3791d476c	죽은 닭에게서
a2c0d0a6bb3f	물러난다.
608ef88feb70	벌레들이 곧바로 죽은 닭에게
3d07a1b64f7f	금고에서 물러난다.
913f2127a138	딸깍 소리와 함께 스위치가
216f8f910ce6	...시선을 돌린다.
7138600aadc6	내가 자고 있던 침대다.
436b2321d8c1	이곳엔 빛이 없다. 어둡다...
16121a6bd6a5	눈을 부릅뜨고 살펴보니
c146e1d87176	안쪽에 문이 어렴풋이 보인다...
f92898234819	의식이...희미해진다...
3b7bf7fcd954	모든 것이 사라져 간다...
b37c351aa2f2	세상이...%W15점점...
252e646c2b53	폭발의 굉음이 나를 덮친다.
6a97a12725ce	몸이 방 저편으로 날아가고,
a649dff56762	금속 파편과 잔해가
6846b3680880	살 속에 파고든다.
b9311708d15c	방 안의 벌레들은 폭발에
a1ab48c58db8	거의 다 가루가 되었다.
7239b58c75d7	유리 수조가 깨지며 안에 든
e197f9078e0a	것이 바닥으로 쏟아진다.
5e0c8e15f6a7	폭발에 튄 잔해와 함께
46c375edb604	방 저편으로 날아간다.
d466d8fc467a	굉음에 귀가 찢어질 듯하다.
18ea510d4147	방을 둘러보니 책상 위의 종이
cd77cf3c9be5	한 장이 눈에 들어온다.
23d5a829aaf4	왠지 불길한 예감이 든다...
687f47cf3b3e	종이 쪽으로 다가간다.
67838b41674d	좀 더 자세히 살펴봐야
d7acc4a63bfa	기분이
f2d27570a186	정말
fc19318dd131	좋아
6eae3a5b062c	...
10126de024f0	고통...
9978989081d6	광기...
76d766962a6c	악취...피의...
b659bb4f8e2d	토사물의...
ac6fc5918183	썩은...
21761d1eb0ed	살...냄새...
d73b18c9d39e	살...을...
e66cfc5a7501	베는 소리...
4f9ec54a1779	기분이 좋아...
78a2fcd29769	아...
1b15aaf72eb4	목소리가...들려...
1a8057da0458	나...들려...
6811485b0048	찌른다
997cfad3781c	태운다
99471e30e8ff	찢는다
e3dcf18ea6ef	벤다
2c7e6596fb96	벗긴다
9f7921db5159	죽고 싶어...
9c3127e5ab58	바로...여기서...
7e125b5c4375	안 돼... 부디 나를
2187d43220d8	기분이...좋아...
6d0d4ec88437	...정신을 차리니 넋을 놓고
ea0aa8f6632b	머릿속에 떠오르는 영상...
0f5f242cd4fc	냄새, 소리...
df8e032092b8	이건... 내 기억...?
259539e1b41e	낮고 차가운 여자의 목소리와
bb881c997789	그리고...
9d0173687771	...고통에 신음하는 노인의
d20448b0ecca	소리가 머릿속에 울린다.
a829869cdef2	가늘고 하얀 팔에서...피가
b5d819a3708a	저건 나야...? 내가...
b4c71187093f	...이 종이는...뭐지?
d8988ef52cb0	줄이 그어진 이 종이에는
2df3ebf316af	작은 글씨가 빼곡하다...
ed069c7dfea3	맨 위에 날짜가 적혀 있고
996c7e237b70	맨 밑에는 %C1"메일리"%C0라고 적혀 있다.
99a68c9e10fc	아마도...
6f7517088285	...누군가의 일기 한 장일 것이다.
8c2bb5b3ac76	글을 훑어본다.
19e9b715229b	xx50년 3월 22일
32f9f31672b9	【고문】
209dc89dc435	고문은 결코 끝나지 않는다.
2371d53c8672	딸이 돌아온 뒤로 그녀는
c8cc8c0e8300	전보다 더욱
a4eaf3b0ffc4	미쳐 버렸다.
4e445b775ab8	그 소리와 냄새...
fb5eb59a78b9	그녀의 딸은 무엇을 느낄까?
a53464e75af8	딸은 움직이지도 않고
43208c1923ca	얼굴은 늘 무표정하다.
6c3bc083bfaa	어머니는 어떤 기분일까? 딸은
60a7cd2614fc	뼈와 가죽만 남았다...
9fd8b9a406bb	예전과 똑같다...
3c9878e3e04f	두 사람을 이어 주는 것이...
5d5f1f5845f6	딸...아...
6a643c56684f	고...문...
312a6037dbd9	나는 여기서 뭘 하는 걸까...?
64a19b924194	피 냄새.
2fbe9a827259	사슬에 묶인 사람들의 비명.
8c07c7f27bc0	갑자기 모든 것이
6512a31749d6	되살아난다.
ff6deeff3d23	끔찍해...
89765411d4c2	머리가...마치 둘로
34e15d7bc96b	쪼개지는 것 같아.
bb5fdb4dd6ce	...이 종이가...
b1c579bf0a08	내 기억의 일부를
2875f4c3c63d	되살렸다.
14f3a58ffd0f	내...기억...?
790bd2f7a22d	...종이를 주머니에 넣고
ba9402704857	문으로 향한다.
1fd28f567a42	눈이 부시다...
eca4c1fad86f	여기는...어디지...?
11b77fc47916	누군가의 노랫소리가 들린다...
fc37fadc1fc3	음, 음음...
365c6c705691	음음, 음음...
b3a2cbb9bd1c	이 빛은 너무나...
ae9683471a4a	...포근하다...
f8faef404a40	따뜻해...
8e3acad8785f	정신을 차려 보니 나는 그저
0999f29214a9	가만히 서 있었다.
0be29f47c094	줄곧, 고요히.
0539abbba2e3	누군가의 품에 안겨 있다...
24d54c9164d9	나를 안은 여인이 자장가를
adab87ee6fc8	흥얼거린다. 성녀 같은 모습이다.
b8379fc0a283	그 선율을 들으니 가슴이
f8c97b30b0b5	여인의 노래가 나를
89724f0416da	참...익숙한...노래...
b3ecc089c2c4	그리워라...
b6542c975da3	마음이 온기로 가득 찬다.
2ea36b217d71	문득 정신이 들어 조용히
328b42d6c08d	눈을 뜬다.
d834b8ea49c8	이 종이에는 엄숙한 종교
fbc0fd957d10	문장이 그려져 있다.
2b7076252f51	아마 신부가
e97ab418344f	【고문하는 어머니】
798c70cd13e8	고문하던 그 여자는 자신이
807e8ad38c67	입양한 아이를 보러 교회에
10181367f904	자주 와서 자장가를 불러 준다.
455c14bad06a	노래하는 모습은
c718f499aef6	훌륭한 어머니 같다.
b638cd537773	하지만...나는 그녀가 무섭다.
aa34cbdea947	흰 피부와 은빛 머리...
7b7b8f729749	자장가의 선율...
c36fd2c4aff3	지상에 있을 때 그녀는
e3733e33cc4c	소녀를 결코 놓지 않았다.
7fb44e57cf8c	사랑이라기보다는
cfdde32be394	고문하는 여자와 그 딸...
58cb597df83f	고문하는 여자...
7161aabf5256	아마 내 어머니일 것이다.
753a7095beff	어머니는 나를 교회에 데려와
0d4a004e3a94	두고 갔다.
f0fa6b85edb6	그리고...
fe95c35f0af4	그 뒤에 무슨 일이...?
c751abe760b3	...기억나지 않는다.
35f3b1ff458a	...내가 함께 살던 신부님이
8e24ba921054	이곳에서 잠들어 있다는 것만
01acb3c64c40	안다.
62b6132d7837	지워지지 않아...
f785cde9e1f0	없앨 수가 없어...
d2de4fca145c	아무리 씻어도...
d11af585559e	...아무리 문질러도...
873010ade185	피 냄새가 사라지지
31fed01e0b1a	않아...
ac6b4be22797	없애고 싶어...
e9943115aa98	없애야 해...
cfb720cb90de	이 강 예쁘지?
84ddaf7e84cb	차갑고 기분 좋아.
63cda36cef73	누구...세요...?
d472cea82862	과일이랑 음료수를 여기서
7ff241e93127	식혀.
d9b4acee22da	나...
b3591fa83474	난 사샤야.
c88dda5d6ced	네 이름은 뭐야?
5c41b38aeea1	내...이름...?
3c378015c45c	응. 네 이름 말이야...
cec677b45d19	내 이름은...
957915e9f709	내 기억 속에서...
2663248d8b5a	나는 손을 씻는 걸 멈출 수 없었다...
361f2c7f5d63	내 손가락은 작고 부드러웠다...
3272363fe1d9	그 소년이 말을 걸자 나는
acaf77a9779f	수면에 반사된 빛이
a3ea1f3179c7	얼굴에 번쩍이고, 그리고...
176cd8ea30ef	...번쩍 눈이 뜨인다.
8c4342aa5d47	...이건 소녀의 일기의
032504905755	또 다른 한 장 같다.
829a68708be4	【사샤】
a2b722b31238	어머니에게서는 늘 피 냄새가 난다.
24bf2d937e08	죽음의 냄새.
94653352654d	손에서 그 냄새를 씻어 내려는데
6ff2295cfbaa	한 소년이
7737dc93a64c	나와 비슷한 또래에
2b18a18f2add	이름은 사샤라고 한다.
42b370010522	하지만...어머니 말씀을
9f665ba599ca	방으로 달려 돌아온다.
1e49bdaf594d	사샤와...조금만이라도
aa67fe2daac7	이야기하고 싶었는데...
14c33913e83f	사샤...
293c8294f993	맞아... 그 이름을 종이에서...
ab121d2c8bbf	본 적이 있어...
af18b7a54e4c	사, 사샤...?
87955840b3f0	갑자기 머리가 아프다.
0eb63f3aa278	...무언가 생각날 것 같다.
d2c52d8dd178	그 기억은 중요했는데...
dc05b8cfaf98	아파...
077d71c6a544	거긴 가면 안 돼.
43dbe778ad78	오늘로 전쟁이 끝났다.
3f5d124678f5	생물 무기에 목숨을
e48ad9e97836	잃은 사람들...
bff39aea479e	...보랏빛으로 변한 시신들이
acfefc62cb15	대성당에 모이고 있다.
ed2ecb7f3fc9	가까이 가면 안 돼...
7f2e99b2a449	너도 감염될 거야.
313da3ac1670	...모아 놓은 시신들은...
e5729472e513	모두 불태워질 거야.
416c5e92e81f	...어쩔 셈이야?
d862ce5e93ae	안 돼! 거긴 가면 안 돼!
4d6e2e8f74bf	내가 할 수 있는 건...기도뿐이었다.
12cabd574d32	기도...
999fec813de0	감염된 사람은...
476b215a2925	...결국 죽고 만다...
c4b12310cd23	...눈을 뜬다.
471a5e99219d	종이에 손을 대는 순간
42faa36d44cb	기억이 머릿속으로
228bc791fa76	이 종이들은 건물 곳곳에
e71dbbd89dcf	흩어져 있다. 마치 나를 위해
10b40597a5e2	준비해 둔 것처럼...
d79cefc1064f	기억을 되찾으라고
71d74f9411ba	...손에 든 종이를
541088845538	xx13년 1월 29일
c183262703fb	【전쟁의 끝】
24d195641ce3	긴 전쟁이 끝났다.
b84f0fe5e855	우리나라가 졌다고 한다.
63f1ab47b9cc	끔찍한 생물 무기에 목숨을
882b40bb6716	잃은 이들의 시신이
3d507d0c63cb	대성당으로 옮겨지고 있다.
45e238140539	대성당에는 보랏빛 시신이
ea75b75ef158	수없이 누워 있다.
a11b47a749cc	전쟁을 끝낸 생물 무기의
30522cd1484e	이름은 "에피카리"였다.
628e8eb9a0aa	시신의 보랏빛 피부를 통해
3d0e4ec464c6	퍼지기 때문에 바로
85276bb64ca3	태워야 한다.
c40fb6ddd1e6	하지만 기도를 올리고 싶다...
b21a54200d23	미쳐 가고, 기억을 잃고,
0e55e110e095	죽어 간 이들을 위해...
56ad7be3c006	그들을 위해 내가 할 수 있는
8395d1b2d0a7	이제 기억났어...
27bb98ad5cf3	내 기억...
a4e3d7c74c4a	대성당에 많은 사람이
0da192e9b4e5	시신이 하나둘씩
72de6ade7b8b	나는 그 시신들을 위해 기도했다...
b0642c903635	"질병"과 "바이러스"라는 말이
d2f56abb7678	일기에 여러 번 나온다...
ca4c955ca95f	"에피카리"라는 것이 언급됐던
7e9efc0417fb	기억이 난다.
e69fbe3d0185	사람을 광기로 몰아넣는
e47c52031d2c	분명 나는 그것에 대해
3b481b7a2828	...들어 봐.
1e324ff90a10	...보고 싶지 않니...
1c9a9656e355	...어머니를 다시?
a05eb3785ae3	어...머니...
523d43a8e4b3	어머니...
f6dbdfdd4e5b	...하지만...
4a16200e69ff	...사실은
4c11bfbc881b	...인간은 누구나 오직 한 사람만
293bf27e0088	생각해...자기 자신.
3e2e0e9df831	어디...
6c31733db11e	...가는...거야...?
e33862971864	그래서 네 어머니는...
cde36cc67aa7	이해하겠니?
c603a2fd150f	우리는 어리석은 자이자 성녀야.
778ddbef3cc7	마르텔 테레지아...
da1c5f0c668e	우글우글 달라붙는다.
acf3c0f22734	원래 위치로 돌아왔다.
82bf1c6535c4	어두워져... %W30안 돼...안 돼...
18a4efa2bdef	나는...%W35이제...곧 %W45죽는다...
bad8b173cbe6	제단이 산산조각 난다.
50679c1265a4	할 것 같다.
8077d2bf58a7	피 냄새가 코를 찌른다...
1b5509184abf	여기서 데려가지 마...
1dbe330a5717	우두커니 서 있었다.
99c83164336e	뚝뚝 떨어진다...
8d85f061a09f	노인을...죽인 거야...?
b0b1eb6a1cf6	나로서는 영원히 알 수 없다...
24e0a1656c1b	나는 왜 여기에 있지?
ec7d62b55962	마음이 너무나 편안해진다...
a229cbd308a6	아려 온다...
4e299b7c9ba6	진정시킨다...
9ab4729209f6	쓴 것이리라.
86c425dc18e5	xx34년 6월 10일
ba3fb70694d5	집착에 가깝다.
42d555b90468	허둥거렸던 것 같다.
599cde839e26	xx40년 5월 15일
90f45b97e16c	말을 걸었다.
18039403f685	따라야 한다.
cc68f2aa24bd	그저　%W45기도할 뿐...
9b746404eea4	밀려든다.
6d428595f23e	부추기는 것 같다...
4d24594e92d1	들여다본다.
34c20e6d1b48	일은 기도뿐...
e4ba089efba1	모여 있었다...
a5b4a7ad81fd	불태워졌다.
c0fe14871c35	보랏빛 바이러스.
966cb0d851f5	뭔가 알고 있었어...
061330b50950	...그렇게 쉽게 사람을 죽이는 거야.
43fe521a5d81	당신을 보면 그녀가 생각나...
a161f4e15649	어디로 가는 거야...?
6d23a7c273aa	...붉은 꽃밭...
0cc5c2a7f5bc	...끝없이 펼쳐진 붉은 꽃밭이
dcf4ecfc9ee5	눈앞에 펼쳐져 있다...
31ed2ef676c6	흰 가운을 입은 여자와
3cd3367e73d5	손을 잡고 이야기하고 있었다.
295dd1a59232	...맞아.
d5ac54cf2938	그 흰 가운을 입은 여자의
ca6bf8f5887d	이름은...메일리.
c967440899ed	그녀가 텅 빈 눈으로 붉은 꽃을
8309ea816507	바라보던 모습이 기억난다...
3736cf180400	...눈을 뜨고 손에 든
56c580267bea	일기를 내려다본다.
224eb3c75604	xx49년 12월 1일
ea32029d353b	【꽃밭의 소녀】
96e28acfd62e	에밀이 신부를 찔러 죽인 지
e87106deddb7	며칠이 지났다.
ab5ca7b76a69	소녀는 그 뒤로 방에서
7a21267a287f	나오지 않는다.
5bc2baa87161	그 나이의 소녀치고는
cc262f2acf40	몹시 예민한 것 같다...
77cc5f5ad8ad	붉은 꽃밭에 데리고
b5bae8f9dae0	나가 볼까 한다...
90d34e371a8b	웬일인지 그 아이를 보면
1b0aefb89d14	붉은 꽃이 떠오른다...
5181cd65aaa9	아마도...
6a59eef94bc0	...마르텔이 떠오르기 때문일 것이다.
c3296d9f337e	...그녀가 말하는 "소녀"는
96e5a5829359	아마 나일 것이다.
c4980993b9b3	어릴 적 메일리라는 여인과
37d3301d985e	이야기한 기억이 난다.
8e83a4f9d597	이 일기들에는 모두 날짜가 있는 듯하다.
e56ec41dda2a	내가 지금까지 찾아낸 기록에
e04a79e9b222	따르면...
728217f11089	방금 떠올린 사건 이후
aec9bde1dbe7	많은 사람이 바이러스를 피해
bd50629d7249	떠났고, 나도 함께 갔다.
cc17ed7005d9	...여기인가?
b851ebb659f8	...더는...
1c4ab6346653	더는 기억나지 않아.
075fcb7a86c2	머리가...너무 아파...
c1e36ba27d42	...많은 사람이 죽었고...
6b0e889f5627	백신도 바닥났다.
e863507e9f59	여기 남으면 죽을 거야.
e06a82effc79	다들 서로에게 적대적이었다.
ade202463734	생존자들은 떠나서
0f3a470e4c3a	새로운 터전을 찾기로 한다.
adc76f45dada	너도 우리와 함께 가야 해.
d3bc9aafbd7a	어머니는...어떻게 되는데...?
603da67c7a94	―가자.
9805f51a8c7a	...네 어머니가 있는 곳으로.
d2e41092920e	...나는...가야 해...
5fe6bf18dafe	방금 그 말을 나도 모르게
60a12bde7c9b	입 밖으로 내뱉었다...
7872eeac1886	...숨쉬기가 힘들다...
e1ae160ff6d3	내 몸이 기억해 내라고 말하고 있다.
4988e7a2f1ee	...또 그 기억들...
e874e5d43e45	기억을 깨운 종이를
8d1845a9bfbe	들여다본다...
d36ff5a40d17	...어린아이의 그림일기에서
c6d9c5a31bb5	찢은 한 장 같다...
e6bd0b502850	삐뚤빼뚤한 글씨...
43afa47cba38	아마 소녀의 글씨일 것이다.
564e3c36ef9d	xx50년 2월 5일
c7e50fbae249	【병에서 도망치다】
ac95a8490e69	병이 유행병으로 번져서
f492e98e11c3	마을 사람의 절반 넘게 죽었다.
aeb69c30ba37	백신마저 다 떨어졌다고
860546563a51	한다.
fcf8c8951b66	더는 여기 있을 수 없다.
078ff835134c	오늘 마을을 버리고
20e068c925b5	떠나라는 권고를 받았다.
b43ac5277d25	바이러스에 감염된 사람들은
77b8777113d8	두고 가야 한다.
79ee5b60e4bc	...곧 어머니를 만날 것이다.
d974115ee72e	유행병...
0295683750c2	나는 병에서 도망치려고
cd2bbdb033e0	여기 있는 걸까?
f28d4f07503a	그렇다면... 다른 사람들은 어디 있지?
79473fbd5d4e	...아니면 내가 감염자라서
923414f2b29e	격리된 걸까?
7b4a43398fe0	소녀의 그림일기...
e032b84334a5	일기에는 그림이 없다.
149657e53cdd	...궁금해해 봐야
47107bfa27ec	소용없다.
07004e14c0e9	종이를 주머니에 넣는다.
8f0d7fe6de8d	xx51년 5월 11일
50025413f3e5	【어머니와 함께】
fec79c6cd00b	피난 명령이 내려지자
949334fc6767	병사들이 닥치는 대로
6702eba6ecd5	사람들을 죽이기 시작했다.
b9ab4b6d2cb6	사샤는 나를 묶은 사슬을 풀고
8667b3b93a0c	데려가려 했다.
ea450c81910f	하지만 나는 어디에도 가지 않는다.
980015958f0d	나는 어머니를 사랑한다.
25bf371fce81	어머니와 함께 여기서
8a85b209c74b	영원히 있고 싶다.
aae613321214	이대로 죽어도 상관없다.
c324c1809a9a	어머니의 품에서 평온한
9eb55e3c28d4	표정을 지은 채...
75dd2b10639d	사샤는 머리에 총을 맞고
c9f2a206ee99	숨졌다.
ec2ef57971d4	어머니는 그에게 최선을 다했다.
232b2df14252	사샤에게서는 좋은 냄새가 났다.
9eb1de9ebc7d	어머니와 같은 냄새.
d11329d46bd3	사샤는 더는 움직이지 않았다.
2737cdf8416b	어머니는 피투성이가 된 사샤에게
c166de53ef4e	계속 자장가를 불러 주었다.
832667ffb4b5	어릴 적 내게 불러 주던
58c5406dac74	바로 그 자장가를.
491ac3e35d0e	참 포근한 노래...
0061cca27454	나는 어머니와 함께 있다.
102b702c4a31	군대가 떠날 때까지 우리는
6e23f09a8db7	여기에 숨어 있을 것이다.
c1ae54e09458	이제부터...영원히...
8521178f5d41	...살아남기 위해.
7bcfe6c5f9c5	...자장가가 들려...
094efe45d751	...어...머니...
f51e518f9fc3	...기분이 좋아...
f5162c4741db	난 여기서 죽지 않아...
7810a53ab14f	그녀를 놓아줘...
66ba647899a7	우린 여기서 나갈 거야...
50b61af22fe5	내가 그녀를 데리고 나갈 거야...
c03f1e53bcf2	안 돼...
4135e5042d6d	바로 여기서...
a7f6dacab114	어머니와...
9810dc36c08c	어머니...와...
6549675cbab3	나는...죽고 싶어...
a663d4f3dd63	하아... 하아...
b0a18a81c066	다가오지 마...오지 마-!
f925dd9ac909	싫어... 저리 가! 싫어!
acfaeee59373	괜찮...아...
4352d25cf16e	걱정...
e7be9a2f05d5	하지 마...
5a2903d4d49c	무서워하지 마...
cf2cd8250497	곧 모든 게 끝날 거야...
edd8053758a5	자장가가 들려...
a42d75d8419e	...이 아이?
de24ba3fd265	잔해 속에서 발견했다고?
872dd34f3c9c	응...
183f9bfbef7a	에밀이 찾았다던데.
347ef87884dd	에밀이? 설마.
751a7fe8b4ce	악마 같은 그 여자에게 아기라니...
7e62022f0f5d	모성이라니 상상이 안 가.
d039c4045f7a	하하...
531d523bd320	그래도 미인이긴 하지.
2af8fa7b9cc7	여자라면 누구나 조금은
143fc668dde4	모성애가 있겠지...
f9b4710917ed	아니면 그 여자는 결국
dddc7c54aa4b	완전히 미쳐 버린 걸까?
96d0a427c534	...아기도 여자아이로군...
f74aae0c5532	"여자아이라"?
03ad18cfbf5b	생각해 봐.
5f13bb8edb9f	어떤 여자로 자랄까?
76c5ab749cec	자...
a5894a7a71ba	이 아이에게 이름을 지어 주세요.
409d3167d6bc	그리고 기도해 주세요...
985bdca27f06	하느님께서 이 아이와 함께하시길...
9e537f3b2324	정신을 차리니 웅크리고 있다.
ac89ff7fb30e	아파...
076cf0737498	머리가 두 쪽으로
c5141f80e88e	쪼개질 것 같다...
39da822716eb	나는...그걸 기억해...
a34dbf2384cd	아, 어머니...
54f4f9f06f9d	나는...어머니의 품에 안겨 있었어...
c1e8a9033255	피 냄새가 나는 그 품에.
1a4c0e09fc36	...숨을 가다듬고 종이를
dcd5a29b8ae0	들여다본다.
cf2d3837bb0b	날짜가 적혀 있고 구석에는
f89fe0a558bd	엄숙한 종교 문양이 있다.
01da938e54ab	다이어리에서 찢어 낸
78cb2b6f7ec8	한 장 같다.
deaa0ddf7c81	굵고 어지러운 글씨로
ae50f4e9a6de	몇 가지가 휘갈겨 쓰여 있다.
639437ad1d0b	xx34년 4월 1일
5fc81703d069	【아이에게 이름을】
6f0a5bbc2c09	전쟁은 죄악이지만 갓난아기의
03941e2de645	생명은 소중하다.
8587c807cdf2	이 지역을 점령한 용병대의
ac671364badc	고문관이 아이 하나를
23cc6fe30756	구했다.
ece4f50c0ef7	그녀는 아이를 입양하기로 하고
94b1ac55a6e4	내 교회를 찾아와 기도하고
e9e5a8926224	서약을 했다.
9e7c63db3976	참으로 숭고한 행동이었다.
0a8659083b29	생명은 선물이다.
c0764fb0b9af	아이는 목숨을 되찾아
b5144feddaf6	이 교회를 찾아왔다,
d61cf0734ed2	고문관의 품에 안겨.
329d77df992d	하지만...나는 그 여자를
e0141d4c666d	인간으로 볼 수 없다...
e70abf7f5983	아이의 운명은
2067b63b6a1d	어머니의 죄로 뒤틀릴 것이다.
27ae6de2ddeb	노인이 휘갈긴 글씨...
d1d54462b936	누구의 글씨일까?
6b7fc7b9ce4a	종이 구석에 인쇄된
46f3c1052005	문양을 들여다본다.
b79f06fc552f	...이건...교회의...?
eb676ad009dc	...내 기억 속에는...
7db5d60eb852	회색 수염의 노인이
2cb0a907ec21	나를 위해 기도해 주었다...
8159d326efc7	신부...
037559fc275e	...신부님...
b0dd544d1e7b	신부님이다.
9b61d06fbf43	기억나... 그분은 신부님이야.
277897dc1a64	나는 그분을 알아.
c94a3846cada	어릴 적 교회에서 그분과
d2f518aab81f	함께 살았다.
e06af31efd5f	...잘 기억난다.
f273e514886e	회색 수염을 쓰다듬으며
cb9b7d458025	먼 곳을 보던 눈빛이 기억난다...
bc400729ddce	나는 그분이 무슨 생각을 하는지
78112a2f11b4	알 수 없었다...
5f440dac9067	하지만...그분은 언제나...
036ef5349b05	...나를 아끼셨다...
047d699a405a	기도하는 법을... 교회 일을
0d4e4dd76133	돕는 법을 가르쳐 주셨다.
82ba6b6db876	...!
49bcd830012b	번개에 맞은 듯한 통증이
927dd883419e	머리를 관통한다.
9022fcf4ba24	...이 건물에서 신부님을 본 것
0b84273a0ee7	같다...
4409b3f67d8f	설마...
bc655a0b76d4	보관소의 노인이...?
2f02250cb37e	시신을 봤을 때...이상하게
5c46d2367184	그리운 느낌이 들었다...
7b84dc3043a9	신부님도 돌아가신 걸까...?
d6b839fc3374	보관소의 그 시신은
98a251174114	분명 신부님이야...
385af2252bbc	...신부님.
6f86f741fdd4	...확인해야 해...
58aa1d1ae9b1	보관소로 가야 해...
1796b0c4b2d0	사랑해.
83c03f949c3f	사랑...?
5df23798de9b	...응.
938e09ee42b0	...널...사랑했어...
03a52bcf99e6	...오래전부터...
5e54756ee85e	나는...널 사랑해.
b5f7f719122b	...너무...오래...
0df5dad7e246	...나는...
64ad4d2f249b	...너는...어때...
1146e8b7fdc0	나를...
a9145318e775	...어떻게...
af86cc469c19	...생각해...
b5f4903b0897	...보고 있어...?
f9846ee68ee7	말이 저절로 흘러나온다...
677c81c0412f	아...사샤...
a38748bd57e7	...머리가 빙빙 돈다.
3d0af0a484e5	심장이 너무 빠르게 뛴다.
79af3a17bd20	무릎을 꿇고 주저앉아
2099b42fca03	종이를 내려다본다.
fff8456572a8	xx49년 5월 24일
06ebf2bb471c	【사랑의 고백】
4c6d4b49b085	오늘 사샤와 함께 교회 밖으로
0f0f91b41576	나갔다. 그는 내게 할 말이
1b2423f16607	있다고 했다.
8094bd094e20	그것은 "사랑의
4580a8f772bb	고백"이라고 했다.
d92d57d402d3	나는 대답할 수 없었다.
6336629e4c1f	어떻게 해야 할지 모르겠다.
5f44e874463f	...아, 어머니...
11f093a7ba2f	사샤가 내게 자기 마음을
26e5325f23b1	말해 주었다.
5b4ed9f619da	나도 사샤와 함께 있고 싶다.
7e69fec526a8	이게 사랑일까?
a1e67c551163	모르겠다. 이해할 수 없다.
6cd03b6c1b30	사랑의...고백...?
55ae39c10050	맞아... 사샤가 내게 말했어...
0a6925f77444	...나를 사랑한다고...
b1bf21e1b805	머리가 아파...열이 나...
272fd4cec842	머릿속이 불타는 것 같아...
dfef9777f0ce	...내 기억은... 마치
610ef878f8d3	일기 같아...
29faaa24e6d2	이건 내 일기였을 거야...
b0af3326f3e2	어릴 적의...
b563ec639edf	그런데...왜 내 일기가
518532bf089f	이 건물 곳곳에
43ff5f0a13da	흩어져 있는 걸까?
7c03204d1560	다시 종이를 본다.
4b3f25939146	...사샤가 내게 사랑을 고백했다...
0c20e700e658	하지만 그 뒤에 나는 뭘 했지?
82c89be4ff02	사샤는 지금 어디 있을까... 뭘
4e9f3fc815bb	하고 있을까...
2cccae30658b	통증을 막으려고 머리에 손을 얹고
7a6f5559d3ae	비틀거리며
cf740f490028	일어선다.
09d8451c65e6	살려...
7cdbe353557e	죽고...싶지...않아...
344c6199ce51	제발...태우지...마...
0f6e7ea530d3	죽고 싶지...않아...
329690f61f58	죽고 싶지 않아...
74a1e520697d	그러니까 여기가 감염 환자들이
a23079f48246	모여 있는 교회로군.
e287661d00b1	먼저 감염 환자 명단부터
b9523c4c884c	만들어야 해.
367f719c10e4	감염됐을지도 모르는 사람은
7cde2b74c05b	어떻게 합니까?
5f9a90d8a5c4	명단에 넣되 상태를
468da7341f15	따로 적어 두게.
ac87e6e23dd2	알겠습니다.
d6962aaa01c9	사망자는 어떻게 합니까?
a952670a02bc	...늘 하던 대로 태우게.
e49c7d5004b9	유족에게는 어떻게 알리...
13131df652c4	천 번은 말했을 텐데:
7e7a53103846	그럴 필요 없네.
3634f5e1b502	...알겠습니다.
f2224b8e314a	의사들은 모두 환자와 접촉한 뒤
3546fc402b9a	치료를 받아야 한다.
539fba14546f	우리도 백신을 맞습니까?
7541f4efb36a	그래. 맞지 않으면
720ac94cabf4	감염됐을 때 치료는
d06d4cf80845	꿈도 꾸지 마.
c37255dd3430	재가 되기 싫으면
852a8a6c167a	내 말대로 해.
4596c96be690	...도와줘...
237e448821fa	사람들이 계속 죽어...
6b6d9a1a1d66	...괜찮아요.
e260bb562c65	바이러스에 듣는 치료법이
73cf7183068d	하나 있어요.
90c9d10db4a8	제 이름은 메일리예요...
b16a07a2be46	...의사예요.
dbcb90334abe	문득 정신이 들자 발이
d9a00c360a17	땅에 붙은 듯 서 있다.
afcb94c31be7	메일리...
77649e56675f	그녀는 어디선가 의사단을 이끌고
f79b40844ad7	나타나 우리를 구해 주었다.
747e8296c1ff	에피카리라는 바이러스가
2b528f46c30a	마을을 휩쓸고 있었다.
9f0f8b4f62eb	아무도 막지 못했다.
e77e2bc9dc1c	...그녀와 자주 이야기했던 기억이 난다.
97443a42a743	조용히 눈을 뜨고 본다.
6bc17a52b2d9	xx45년 6월 27일
9ba9b7511fa8	【의사단】
621cd166100b	"에피카리" 바이러스가
800908457259	마을 사람들의 목숨을
4f29f527949c	하나둘 앗아 가고 있다.
3044bb432c01	보랏빛 시신이 쌓여 간다.
bbc2b1312831	에피카리에 감염된 자는
bf0cb58d316d	미쳐서 스스로를 해치다
c07895d421d6	결국 죽는다.
e9fee42b7b85	"에피카리"는 기억과 영혼을 삼키는
c1d59d825c46	무시무시한 바이러스다.
af6eda01ee17	전쟁에서는 무기로 쓰였다.
df33c41d3ff8	"에피카리"의 확산을 막기 위해...
054742a01c97	시신은 교회로 옮겨져 불태워진다.
1c1174477d40	불길은 밤낮없이
7511c77b3ff3	타오른다.
928fcc4fd0a3	나는 정말, 정말 무서웠다.
75e2b8ff742d	흰 가운을 입은 사람들이
76b3b42fa5c5	정기적으로 교회를 찾기 시작했다.
01497bd8b5ea	검은 머리의 여인 메일리가
b3e53ff27be1	이끄는 의사단이었다.
9342399b0940	의사단이 교회를 찾은 뒤로
326aa2796114	미쳐 가는 사람이
89a95f0eb10c	줄었다.
e48336ba09be	...메일리...
806c38976217	...머리가...아파.
e3bdf19a2970	나 말고는 누구와도
e54d4558ba83	접촉하면 안 돼.
c2a9441db3ae	어머니가 그렇게 말씀하셨다.
5ef260906a2d	그러니까 어머니가 안 계실 때...
baf08e8db728	난 혼자야...
bdc4f23afc81	하지만 있잖아...
2b245a7a8954	너와 있으면 마음이 편해.
bbeae63e39e9	...헤헤.
3767f842ec54	이름을 지어 줄까?
051f93fc3855	"에미"라고 하면...?
14a63aa79c57	오늘부터 넌 에미야.
b52cd3d18bbc	우리 함께 자라자...
abaf2f59547f	에미...
979ab892460c	누군가를 사랑하면
dd3c56e71322	어떤 기분일까...?
34957a6e4f10	...에미...
7aed06b64e31	나는 교회에서 동물들을 돌보았고
110e5bb953b9	갓 태어난 조랑말에게
5c31f5420d8f	"에미"라는 이름을 붙였다.
93a48f88f68a	나는 외양간의 짚 위에
a9ad608e8bf7	웅크리고, 동물들의 냄새에
cef69aa1a07a	둘러싸여 있곤 했다.
f73634677539	작고 갈색인 조랑말이었다...
b3f3690c9a6d	에미의 다정하고 까만 눈이
524317416381	또렷이 기억난다...
a9d605dc1fdc	종이에 적힌 글을 훑어본다.
9987dbfb50e6	xx40년 8월 8일
9103cc6534d5	【외양간 일】
842293d610e1	신부님이 교회에서 할 일을
dea94e7be450	주셨다.
5417b43e9fd3	동물들을 돌보는 것이
169f817707dd	내 일이 되었다.
a98e565465d9	처음에는 무서웠지만 지금은
40b603c313a1	에미와 다른 동물들과
c10a124f9537	보내는 시간이 정말 즐겁다.
207e26afc126	아, 에미는 얼마 전에 태어난
8b910b898421	조랑말이다.
f78218067666	너무 예뻐서 이름을 지어 줘야
a717237106a9	했다. "에미"라고 불렀다.
d6481a3337bc	에미는 내 친구다.
873f7aefaab0	나는 대부분의 시간을 에미와
790a881b1a4f	외양간의 짚더미에 파묻혀
4bf24c4486e6	보낸다.
f67911a65872	짚은 정말 기분이 좋다.
dee28f71bc61	어머니도 이 일을 허락하셨다.
24c7f05334d9	이제 에미와 친구가 되고 일도
5fc7cb7e66f8	생기니 사회의 한 사람이 된
fa6ef422e947	것 같다.
6b23fc4ebc77	동물들을 잘 돌보려고
e77680c891e3	최선을 다할 것이다.
52c2ea9dbfff	순수했던 어린 시절의 생각이
bc7763500272	종이에서 나를 올려다본다.
09e419d7da3d	...종이를 주머니에 넣고
823052af58cb	헛간으로 들어선다.
559e27e68bff	한 걸음 뗄 때마다 흙 밟는
e798423a0962	소리가 들린다...
e1d90bee370c	건초 더미의 냄새가 되살아난다.
2af869e48dc6	정말...마음이 놓인다.
25e289d08597	...그리운 느낌.
7841dc81a7c5	이곳은 무언가를 떠올리게 한다.
6b0505498231	...짐작 가는 게 있다.
3e4bf73e5888	...잠시만이라도...
7d2d4698b740	...너와 이야기하고 싶어...
27e79d97ba22	왜...
6eaf9ca031f9	...왜?
d94c2fa5622d	나...랑...?
d26dfe4cab5a	특별한 이유는 없어.
5b7d963cb057	...널 알고 싶어.
4c00e181acdb	...그뿐이야.
ca84f8c1a75d	이 편지는 여기 두고 갈게.
d2f41b74149d	내일도, 모레도, 매일
2df99c14d0f7	한 통씩 놓아둘게.
5cfa2dea278b	바깥 소식을
de964da734e2	알 수 있게...
d1c5974303a0	세상에서 일어나는 일들을...
f0ab283091b3	바깥세상...
6b4b670b2c69	응. 내가 널 위해 할 수 있는
7a8e355d6a6a	최소한의 일이야.
467b2de5eef2	그렇게까지 해 주는...
e8a48ebaec2c	나를...위해...
99b8e3d709ac	...또 하나의 기억.
f10d113e6546	사샤라는 소년은
facc394e14ce	늘 다정한 미소를 띠고
3093f8417390	내게 말을 걸어 주었다...
bb675100ed5e	xx43년 10월 30일
f1b2acd32b91	【편지】
1c7921f42078	오늘 사샤가 말을 걸러 왔다.
2c4e07b8a40e	하지만 어머니와 약속했기 때문에
42f57811fe18	무시해야 한다.
a53f537c56d4	그런데도 그는 매일 에미의
34c58f1b4ffb	외양간에 찾아온다.
228feecd3031	그래서 오늘 드디어 그에게 말을 걸었다.
8d034fdbcce5	죄송해요, 어머니. 정말 죄송해요.
2a4140d54641	앞으로는 편지로만
ef4e136d81cb	이야기하기로 약속할게요.
2524d985d937	그가 짚 속에 편지를 넣어 두면
37df957ef611	읽은 뒤에 같은 자리에
bf0f89e51504	답장을 놓아 둘게요.
c4188ca0f89a	그러니까 직접 말하는 건 아니에요.
e40281c2f05f	그래도 괜찮죠?
e20947089b20	직접 이야기하지 않는다면요?
8eb4ebfc5406	어머니, 괜찮다고 말해 주세요.
c8ba9b7a180e	종이를 단정하게 접는다.
1290cb1a3ea1	아주, 아주...
3e3985b68a82	...아주 붉은 꽃밭에...
764f1e0730f0	다른 색깔의 꽃도
6151a293be0a	함께 심어 보자...
e723ebad3561	파란 꽃, 노란 꽃,
26b13838da0f	주황 꽃, 분홍 꽃...
21549cc24332	하얀 꽃, 검은 꽃,
be77bb39597c	알록달록한 꽃...
b728230e2c10	모든 꽃이 피어나도록...
2611d2ef6636	리앤...
f9ffda26d34f	어머니...?
976f1217e3df	저를 보러 와 주셨나요...?
d52e5eb7ce91	...리앤.
7f88b7247b30	일어나.
8be0156781ae	일어나...
5397e0583f14	네
144b883e66c8	......피 냄새...
3f674266c5b9	어머니의 냄새...
691db2a2e3a7	화들짝 깨어나 종이를
7aff7b3d2090	내려다본다.
51ac70ddd88c	xx40년 12월 17일
799114789e6b	【어머니의 손】
52de2b0f3715	기도문이 새겨진 네모난 돌이
f3421a2d0c55	교회 정원에 놓여
96a4a889a8a7	있다.
11a60db74046	나는 기도를 하며 붉은 꽃 사이에
0130e722235f	꽃씨를 심어 보기로 했다.
c4c85fc63b5d	여러 종류의 꽃이
3943bc849cec	피도록.
9ef3eb2e1e48	어머니가 나를 데리러 오셨는데
0660315fc63a	손이 붉은 무언가로 물들어 있었다.
8e1f3f962ab9	여러 가지 꽃이 피면 좋지 않을까요,
2d14db496c36	어머니?
282e40d9fd13	어릴 때부터 나는
cb186e059e73	줄곧 어머니를 사랑했다.
777217c7fcff	...언제나. 그때도, 지금도.
56cf99eaaad9	기억 속에서 내게 내밀던 손은
17ae7e5b25a8	언제나
2458838c216d	피투성이였고, 말씀은
8d87a4d4da95	잔인하기만 했다.
cd321e53cefe	애정의 기색은 없었다.
0d3e69ef8396	...나는 왜 어머니를 사랑했을까?
127b8834744f	사랑받지 못했는데도...
2b0cf958ef2e	...왜 이 사람을 사랑했을까?
0ddb69e5ed56	나는 어머니를 바라보았다.
f45fee4332aa	...어머니.
fd8ed977f37f	어머니는 내게 일어서라고 하셨다.
c0b1065871d7	...알아야 해...내가 왜 사랑했는지.
c951aba30c19	누군가 잡아당긴 것처럼
bd859980304e	나는 어느새 서 있었다.
d5f2b3c7763e	...기억 속에서 나는 정원의 돌
2a3dbc6e4852	기념비 옆에 구덩이를 파고
68eae71b00f1	꽃씨를 심고 있었다.
ce85aa1ed5c4	왜인지 그 모습이
cfa42dcff0db	머릿속에서 떠나지 않는다.
0d990303e7fa	나는 거기에 무엇을 심었을까?
156b33f4b1c0	...그때는...
0c9ac2cfd7b6	나는 한 점 의심도 없이
20da97708e5a	진심으로 어머니를
79822a2bbe95	사랑했다.
8af9e960aadc	그곳에 다시 가 봐야겠어...
d6d789715e7f	그 꽃밭에 가 봐야겠어.
630d8e4a6a44	마지막으로 한 번만...
a1b4724feb0a	xx46년 9월 19일
7124e52c40a4	【창고의 붉은 구슬】
06fd861e2dfa	소리가 들려서 창고
95676aad9c6f	문을 열었다...
4b78e21e4a7a	붉은 구슬이 벽과 천장,
252b966facd2	바닥까지 뒤덮고 있었다.
2d8f21b53496	정말 무서웠지만 어딘가
ed161f89bfdc	...낯익기도 했다.
7aa175358981	나는 도망쳤다.
5e6bb3b00943	창고에서 있는 힘껏
464291b3b90c	뛰쳐나왔다.
739c9627f524	무서워. 어머니를 보고 싶어.
613e75cc1016	어디...계세요, 어머니...?
42996bb7276d	무언가...꿈틀대는 소리가...
a24ed6fd363d	어디 계세요?
95ecf9114866	여기 계세요?
5722c7bbd16b	...이...건...뭐지?
42d2177a6de9	...붉은...구슬...
9ec8f1b1847b	...움직이고...있어...
06b6f3907710	...이렇게 늦은 시간에
1e1c9e98a2cc	아직 안 자고 뭘 하니?
359a1b73c4dc	...아...
b209550cf3c6	또 빠져나왔나 보구나.
1f030d902baf	놀랐니?
e20651469d93	...이번이 처음이
d08fa9881966	아니란다.
987794d140d7	이 붉은 것들
98bac207d90e	말이다, 물론...
cafebf26635c	벽에 잔뜩 붙어 있는 것들.
b1d816d88546	...지금 거두어 두지 않으면
f63b324b493d	온 사방에 퍼질 거야.
37c276abc28a	...이 아이들은 이렇게 불린단다...
4bb513eb411b	..."테레지아"라고...
9db842c1976b	테레지아?
f01ae6b5748c	그런데 무슨 일이니?
738e1e029779	아이가 자기엔 늦은 시간인데...
01e9f494585d	잠이 안 오니...?
75c6668a6204	어...머니...?
459a8152f96e	속이 울렁거린다.
5cfb4a952238	몸이 헛구역질로
678f071040c4	경련한다.
675e33aeabd5	피의 색과 악취...
188ceb3c04f6	선명하게 기억난다.
5f57e1f16e54	정신을 차리고 종이를
9b0477ec6bec	내려다본다.
c4556c6c623d	xx49년 11월 4일
3562f244d79c	【죽음의 순간】
a30743f40d24	에밀이 사람을 죽였다.
5b0eda67c4e7	고아 소년 사샤가 자기 딸의
f9dfcb77f05a	손을 잡고 있는 것을 보자...
3213d5eb8f93	...그녀는 칼을 뽑아 주저 없이
4f91ee9456ae	그에게 달려들었다.
4fb80982b78f	말리려던 신부를
4b3a43acf490	찔렀다.
3e2d0808e769	칼이 가슴 깊숙이 박혀 신부는
c4c7b6351904	쓰러지기도 전에
7367477a4243	숨이 끊어졌다.
8a0a345a46d5	이 폭주로 에밀은 용병대
d5707ffdc1de	기지에 감금되어 교회에
b10cff0c7d2d	올 수 없게 되었다.
bcef2585a2ef	...그 아이는 이제 어떻게 될까?
547435d45147	어머니를 만날 수 없다...
9f0182036c4f	...그리고 눈앞에서 어머니가 저지른
34dbf1f5f390	살인이 그 아이에게
f9b8a958e454	어떤 영향을 줄까?
7f1da10ddc2b	아이는 방에서 나오지 않는다...
46bdd282c462	어머니가 사람을 죽이는 것을 처음 봤다.
3761890d963b	이제야 기억난다. 그 순간이
066cbb6729d2	머릿속에 각인되었던 것을...
99a4198066f7	아무리 애써도
ded49b714854	잊을 수 없었다...
c4b394cfa2f1	...에밀...
2b0c772529a9	맞아...어머니 에밀은 언제나...
7938acb58dcb	...피 냄새를 향수처럼
34d58796128d	두르고 있었어...
5212036d44a8	어머니...에밀...
bc17b8fe67f9	종이를 주머니에 넣는다...
ed3e23fc9d93	벽에 기대어 쓰러지지 않으려
e619ff0484d8	애쓰며 천천히
39b30a256380	계단을 오른다.
d7bae4727cac	xx37년 12월 24일
0a4fb9704d5d	【어머니와의 약속】
a775f0686d10	어머니 외에는 누구와도
4944b4bbea3b	접촉해서는 안 된다.
e42281171695	문은 항상 잠가 두어야 한다.
b82d5448866d	누가 부탁해도 문을
3607002aeb51	열어서는 안 된다.
2274087bd519	방 밖으로 나가서는 안 된다.
3f029f66a08d	어머니가 계실 때는
d09da17be32b	곁에 붙어 있어야 한다.
ca87f50d48b9	어머니가 안 계실 때는 그날
f9e64d551081	있었던 일을 나중에
fded6c2963b6	보고해야 한다.
325ac4fc8fb7	이 규칙을 어기면
d48a3a4cd9e8	벌을 받아야 한다.
25e6f0876d50	이것이 내 첫 일기다.
4d4ad333eb4e	리앤 테레지아
ad71911ae307	...리앤
e48f4abb10fb	너는 내 딸이란다.
b909c5e05dab	나는 네 어머니고.
5513fd21ce71	영원히...
d573129a085a	우리 둘만 가질 수 있는 유대야.
6c4070868c42	유...대...
0e4de2189148	이 열쇠는 네가 가지고 있으렴.
d4f9701b8b08	이제부터 이건
e8a9a7ab7acc	네 열쇠야.
2c8d882630b3	나 말고는 누구와도
980c30127532	접촉하면 안 된다.
9ea78a3436d1	제발...
b5b075f0ac41	...그걸 가까이 대지 마세요...
7038527526ee	넌 감염됐어...
c22df3086e71	이건 치료제야...
07062dbacd3d	싫어요. 그런 걸 몸에
cea3312c3658	넣지 않을 거예요.
e6a20d56cf50	이걸 안 맞으면 죽는단다.
d096f4531c65	...이걸 맞지 않겠다면 널
dcd4426f17f0	가둬 둘 수밖에 없어.
14797b52bfa5	모르겠니?
1b533dd494c4	맞지 않으면 죽는다고.
4bfb52b5099c	...죽음을 받아들인 거니?
b563374f6365	...어이가 없구나.
e2dd48f21805	이것이 하느님의 뜻이라고 생각하니?
7d7a2377e66a	신부님...
e3c08e41dbb7	...백신...
41d5238c486d	그 붉은 미생물...
eac26e21a4fc	백신이 붉은 미생물인가요?
58a5b9055ab4	그 붉고 꿈틀거리는 구슬...
28df776152ab	그 작고 붉은 구슬들...
8108a487f9cc	네...
c39ff3e36782	붉은 구슬이 사방에서
58ff92caecf5	꿈틀거려요.
c1201fa907eb	그것들은...테레지아...
5a4d0fa139fd	어머니의 DNA로 만든
3168f43878ef	백신이에요.
dd94bfb47000	xx51년 4월 16일
ca72f947011b	【신부의 죽음】
9f5f6ff7dc2e	하이넨이라는 신부가 오늘 죽었다.
a51b81942e4d	에피카리 감염으로 인한
a635342ca32d	자해 행동의
242643916b42	결과였다.
5fbd0198dc52	"테레지아"는 특정한 사람의
17086d166161	DNA로 만든 치료제다.
eb338e405048	DNA를 운반하려면 특수한 미생물을
4b9bc50f0d8f	써야 하므로 약 자체가
d8d5526da9f9	꿈틀거리는 구슬처럼 보인다.
664121f8677a	육안으로 보이는 이 미생물을
cfa9d68c7044	혈류에 주입해야
fa771fc91027	한다.
fe8e27e3ab21	겉모습에 겁을 먹는 사람이
8c9e329fba63	많은 것도 무리는 아니다.
621570cb6b73	하지만 신부는 테레지아
e1183110c523	자체를 두려워한 듯했다...
e37e34135381	...마치 악마라도 되는 양.
cd877b2f6596	건물 곳곳에서 본 붉은
8a393bcb3316	미생물들...
5fdc5a199702	처음 봤을 때 나는
83330ce394e2	공포에 질렸다.
7725f266838a	방 안을 뒤덮고 있었다...
7338e2786f07	어디에나 있었다... 나를
d8e0a8b0d383	노려보는 것만 같았다.
99ccabc6c9e9	하지만...그 붉은 구슬은
aeae583d4e2c	에피카리 바이러스의 치료제다.
c0bd8635a629	하지만, 그건...
ae53b7d18c89	그건 어머니였다.
06b785fc5316	어머니는 지금도 살아 계신다...
9024a06a2d14	작은 붉은 구슬이 되어...
2dad17a06e54	이 건물의 벽과 천장을
dcf11168ff94	기어다니고 계신다...
eec4679d7a0a	신부님...
19e0c7abe450	그는 에피카리에 감염됐지만
5a182f1e5dee	치료제를 거부하다
419f22bf8350	결국 죽고 말았다.
cad6cafb17fc	...백신 테레지아.
0e59604bec5d	"테레지아"라는 말은 내가 눈을 뜬
bb247fc87652	방의 벽에 붉은 글씨로
811edbb98f56	쓰여 있었다.
26bcc61e42e5	그건...
f275760346a6	...이 치료제를 뜻하는 걸까...?
4ac50c9ed71c	그는 죽는 순간까지 어머니의
cc483779a447	DNA로 만든 백신을
eddf3115869e	쥐고 있었다.
7ff8a89741f7	신부님은 정말 그 붉은 백신을
840f9ca74706	그토록 무서워했을까...?
89015a169d30	끝까지 에밀을 그토록
6ab775e0f619	두려워했을까...?
8706d5f24d0d	어머니를 만나고 싶어.
3e443d1c9c51	...아.
7c3b3c44143a	드디어... 드디어 만났네요.
a5f96a1eebd9	...아, 어머니... 어머니...
93a281c450e5	오랫동안 보고 싶었어요.
700dfc202ed6	부디 저를 놓지 말아 주세요.
ef1cb88a56c3	이 사슬에서
1b5dcb80cac6	풀어 주지 말아 주세요...
15b4d1181f08	피 냄새...
7fc98d49373e	부탁이에요, 어머니...
1978b7e99301	저를 곁에 두어 주세요.
1920e7e553c5	어머니와 함께 있고 싶어요...
a1d2482b5848	...이 우리 안에서...영원히...
3ed548c82f14	...나는 아직 이어져 있어...
c3696a270fa9	살과 피와 쇠의 사슬로.
5c9b12cb74ca	피에 대한 집착, 인간의 살과
9ce0610ff115	피를 사랑하는 어머니를
756128725fc0	향한 갈망...
57d48c479d01	나는 그녀에게서 떨어질 수 없었다...
b262119aa544	...왜...나는...
c19a99a83c70	갑자기 붉은 미생물들이...
1b6459e27618	"테레지아"가 꿈틀거리며
1375b0b255b8	격렬하게 몸부림친다...
1a1542a7b91d	그 움직임이 신호인 양
8e3dc871c3e2	종이를 내려다본다.
31fb43fe2d57	xx50년 2월 9일
c7fdb05193a3	【감금】
f57d9e6af0da	우리는 지하
7ac8c80a7487	시설로 옮겼다.
dca068a54070	먼지투성이에 음침하고
95fa11600c89	피 냄새가 난다.
4dc27924d306	이런 곳에서 사는 데 익숙해졌다고
4e8658c3c6b1	생각했지만 이곳의
fde1242d0d24	냄새는 역겹다.
de2805299142	그래도 바깥세상에 비하면
3184079e7d70	에피카리에 미친 자들이 날뛰는
1b468e1dc862	이곳은 꽤 편하다.
6eba0bc9213f	에밀은 여기서 일한다.
9a000bbcd146	그 광기 어린 여자가
347fdd458f86	어릴 때부터 지하에 있었다고
818aaecb2c36	리앤은 대부분 멍하니
74235bfba88c	허공을 바라보지만 가끔은
566ed9c65005	몹시 불안해하기도 한다.
239bd89ebc35	점점 에밀을 닮아 간다...
c40af3410dfe	며칠 전 리앤이 불안한 얼굴로
6a41a09367d8	에밀을 만날 수 있냐고 물었다.
e0aebd04501c	에밀이 그 신부를 죽인 뒤라
da13583efa1f	만나기 두려워할 줄
106fcf5df573	알았는데...
3aa3e841c4a1	...그 뒤로 리앤이 무슨 일을
e5baa192acdd	겪었는지 나는 모른다...
ddc8cd7ecd5e	나는 곧바로 에밀을 찾아
ba63f050265a	리앤에게 데려갔다.
cf372e04b052	에밀은 리앤을 보자마자
55b491689392	딸의 팔을 붙잡아
06b3e9b3018f	감옥에 던져 넣고
e5154e0c6e07	다른 죄수들처럼 사슬로 묶었다.
00b17ff065d7	리앤은 에밀에게 저항하지도
30e9d8007909	왜 묶느냐고 묻지도 않았다.
9560df9524fc	나는 두 사람의
68e859ed4b91	관계에 매우 흥미가 있다.
41617e33f30d	...이 시설에서 새로운
2ea0ed32aea5	치료제 연구를 계속할 것이다.
4984568218c5	"테레지아"가 꿈틀거리고 있다.
3d0f9b3b559f	...나는 병을 피해 이 지하
429b2b657139	시설로 옮겨 왔다.
6fa37e8d514a	죄수를 고문하는 일로 돌아간
9ebaf4b6474a	어머니를 간절히 보고 싶어 했던
aba53ecc7b3e	기억이 난다.
4d661bc55ffb	어머니를 떠올리게 하는
faba36d6f771	피 냄새.
4fbdfe2e00cb	그때 내 머릿속은 피 냄새로
6b79622b2666	가득했다.
1e6c4c469018	"테레지아"가 꿈틀대는 소리가 들린다.
4a6b9e2b38f8	...마치 나를 부르는 듯해
98cbff627b34	고개를 들고
37ac9d3a92cd	방으로 들어섰다.
a8963694a5e6	와. 이 꽃들 좀 봐...
9a2a737cb842	와... 정말 새빨개...
9fae9479fc65	무슨 꽃일까...?
de23ce23d517	언제부터
a1fdcfae4f01	만개해 있었지?
ac209c5ac085	...너무 아름다워...
6dc14323defe	아름다운 꽃이 정원을 가득 채운다.
3e8165757260	...붉어... 정말 붉어...
7f07e90e7a53	붉은 꽃이 활짝 피어 있는
0c2656e80aa2	...어머니?
a260fa15875c	어머니가 오신 뒤로
aaf840db7751	피기 시작했다고 해요.
f17562be2eee	...왜일까...
c9f6f992b5c7	왜 그런 것 같아요?
21ce04e3f944	정신을 차려 보니 멍하니
9364b2e1a19d	허공을 바라보고 있었다.
a5b5205a7b95	또...다른 기억.
99e183d5eb36	...소녀의 일기
512ba42aa9de	한 장 같다.
e7ccc1d9bfff	xx40년 6월 11일
363826c505d4	【붉은 꽃】
ee83898a591e	벌써 6년이 다 되어 간다...
0d992cf4bf2f	...이곳에 살기 시작한 지.
e86cfaacd10a	나는 이제 일곱 살이다.
442831f9e339	어머니가 오신 뒤로 피기 시작한
baaa35fbbbb2	붉은 꽃은...
9e07204cffe3	이제 수천 송이나 된다.
de57df9efb9f	붉은 꽃에 둘러싸인 어머니는
50c8d1ff51ea	정말 아름답다.
3c3c625a5098	어머니와 더 많은 시간을
8d44383deb02	보내고 싶다.
f1f22a0d661d	그래서 어머니가 시키는 건
86f28e5ec979	뭐든지 할 것이다.
ebff75b3c2ff	숨을 헐떡이며 식은땀에
394b9df5fc90	흠뻑 젖은 나 자신을
671bbfd8eb4d	발견하고 정신을 차린다.
c963f6f68736	명치 깊은 곳에 무거운 것이
60207c3e442d	느껴진다...
fe98940436a7	죽여라...
86628d303ae0	도망쳐! 어서 여기서 나가!
da75cab5ec00	제발 죽이지 말아 주세요!
a303af4fefe1	하다못해 내 아기만은...
9b8550ee8578	으아아아아아악!
fbdf89b6cb27	아아아아아악!
658d35f4b460	죽여라! 죽여라! 죽여라!
9b003269032d	하나도 살려 두지 마라.
b318af28d827	감염자를 태워라.
ecfc5baedd9e	저기다! 잡아라!
3f02e8063896	죽여라  놓치지 마라
cfc4da025c5c	죽여라   죽여라  죽여라
fa626c211bc6	태워라  놓치지 마라
5146f8659b22	죽여라    죽여라
dd39ef1d6caf	제발  죽이지 마세요
953b2fb14821	전 감염되지 않았어요
7ba608f0daad	제발  우리 아이를 보내 주세요
21f2ad672eec	제발 그러지 마세요  제발
2bdefbb2342d	숨 막히는 피 냄새.
f75a3880e089	살이 타는 악취.
277adbc1944b	안 돼... 다들 죽어 가...
3c31b292a66c	베이고...총에 맞고...불타고 있어.
2e9e6c17b258	어서 여기서 나가야 해!
ee02dbd0163b	사샤...?
353ac2aa4142	안 돼... 제발...
745b2e530cc2	나도 여기서 죽고 싶어.
6487c0f94bd4	그럴 수는 없어...
d5c3faf250ac	자... 지금 사슬을
59fe34754a96	풀어 줄게
3f277701fcc8	싫어... 싫어...
6d9e79524f40	나는 여기서 죽고 싶어...
d0db9541bbf6	어머니의 품에서...
e65a5d509bf3	여기서 나가야 해. 우린
756baaca402d	살아남을 수 있어.
4254dcdb7816	사슬만 풀면
6ec07a459f56	탈출할 수 있어!
50400a542623	제발... 내버려 둬...
f7efe2bfb377	내 사슬을 가져가지 마...
22d5c5387dd4	나는 이미 여기서 죽기로 했어.
23705d2e52b8	...심장이 너무 빠르게 뛴다.
b20cfcb013c9	그들이 죽어 가던 게 기억난다.
6a30964c4cd0	죽어 가는 사람들의 비명,
5adfa30e94e3	불길의 굉음...
9770ec08f5cf	역겨운 피 냄새...
2683e6c2cbed	모든 것이 이제 한꺼번에
4b4377b96846	밀려온다.
f85b6a5e44a4	종이를 본다.
c09a32dabca7	글이 적혀 있고 "메일리"라는
6a0c8d0aacde	서명이 있다...
061490553ba6	이건 누군가의 일기의 일부일 것이다.
7f7fd3529371	xx51년 5월 9일
01cc8f19f1d7	【피난 명령】
afc1defd6d0b	새 치료제 배치가 제때
887ec58d4943	완성되지 못했다.
968430752e51	바이러스가 결국 시설에 침투해
26ba30d6d210	사람들이 죽기 시작했다.
24dcb39abc9e	우리는 이곳을 버리고
6e85bc601ca8	고국으로 돌아가기로 했다.
081eeaa0a30f	남겨진 사람들은
8483f4b9c998	모두 살해될 것이다.
2071f2ff841e	그 소녀도 결국 나머지와 함께
362e2e768c62	죽을 것이다.
67957e0bab96	사샤라는 소년은 아마
cafce16be5ba	그녀를 구하려 할 것이다.
859b82dba337	그 광기 어린 여자는 자기 딸이
12da9e154920	죽어 가는 것을 그냥 지켜볼까?
fc58a7a34f83	...이 일기에 따르면 이 건물에서
6ecce8887fe1	바이러스가
bcd6406fe973	퍼졌던 모양이다...
a365a17e9433	...나는 바이러스에 감염되어
e0b424c057b6	이곳에 버려진 걸까?
47ca0a9a0ad9	일기에는 남겨진 사람이
0dd3ab58c4b0	모두 살해된다고 쓰여 있다...
d049092e0fa4	하지만 나는 살아 있잖아?
a8db566f9ba9	【에밀과 리앤】
7c54757a232b	대학살이 끝난 뒤
36a2ae40be15	이곳의 피 냄새는
7dd51d60dcd4	더욱 짙어졌다.
d4513adae74d	리앤도 죽었어야 했는데...
10dd04904508	...하지만 에밀은 내 예상대로
7cee2dd6b1cf	행동했다.
76b2218f2a94	딸을 지키고
30df3b5b96de	딸을 죽이러 온 병사를
8c035f0ea756	모조리 학살했다.
e3caead26047	에밀은 곧바로 반역죄로
702574d4b1c0	고발됐지만 지하로
4ca675014b48	내 연구실에 숨어들었다.
18e4040a442a	에밀과 그 소녀를 보면
872a45c7934e	내가 알던 두 사람이 떠오른다.
a42bac4ea6a4	나는 그들을 돕기로 했다.
27c966194ec8	용병들은 오래 머물지 않을 것이다...
1da4c3af1702	바이러스가 아직 남아 있으니까.
2fb8f43a7bbb	에밀과 리앤은 며칠만
567882f42c95	숨어 있으면 된다.
cd78407d95f2	나도 여기서 나가야 한다.
fa4d2610ee08	...이것이 그들을 보는 마지막이 될
c0d6b7e9820a	것이다...
4b934eb70403	내 곁에 있어라.
93b311bc4440	내 뒤에 숨어 있어라.
833c4766ad53	아무도 널 죽이게 두지 않겠다.
be02e63eab2d	에밀 테레지아는 배신자다!
4c60423b826c	저 계집... 결국 본색을 드러냈군!
9a4df434d05a	저 여자를 죽여라! 딸도 함께!
9c878d9a62e5	우리 병사를 몇 명이나 죽였다!
ca68e531e742	에밀이 딸을 지키고 있다...
25170e7c752b	딸부터 죽여라!
4bdf7d788894	안 돼... 죽을 거야...
dd822e4ec360	덤벼! 여자 하나뿐이잖아!
c11a6ee50d86	그녀가...나를 지켜 주고...
8aea371afb1a	어머니의...등...
beb074b7555e	내가 살아 있는 한.
91e9ba476d1e	너는 살 거다.
c917fbff1f50	내가 살아 있는 한...
a775c5f41dfd	악마다!
19fc790bcd69	악마를 죽여라! 죽여!
5edbf88b5648	으아아아아아아아악!
77ee9f2179da	아아아아아악!
edf0fffa8153	봐주지 마라! 딸을 죽여라!
301d11b9101a	나...살아...있어...?
22a634375403	후퇴! 후퇴하라!
a893b345157e	여긴 숨을 곳이 없다.
c212cf789b8a	더는 병력을 잃을 수 없다!
de09d0a3a703	더는 병력을 잃을 수 없다!
e60fcc925fd0	생각하면 소름이 돋는다.
8370a5df6a04	죽이지 마세요  아이는 살려 주세요
d4f0a6e6361f	나중에 끝장내자...
5380bbc4c8ff	그들이 떠날 때까지...
40c127fd825b	내가 지켜 주마.
d46736e448a2	첫 번째 치료제 샘플이 완성됐다.
a2c2336f5c21	...감사의 표시다.
fa5e7d58015c	피...피...
b29c3689120b	피...피...피...
4c79861feabf	피...피...피...피...
98e255f096b5	온통 피투성이야...
c34247c918de	사방이 피야...
95bc554185e3	어머니는 살인자다.
8166dd3cf8d5	어머니의 얼굴과 팔이
f8d500298042	피로 물들어 있다.
ee7cc284c403	그 많은 사람을 죽였다.
728a7e415bab	...아무렇지도 않게...
daa53044fcfe	왜 그럴까...
2d860d389903	가...고 싶지...않아...
aad789881c08	움직...일 수...없어...
a2fc0faec102	천천히 눈을 뜬다.
aff2b0fc74f5	또...다른 기억...
20adcb7f0ac2	정신을 차리려고 둘러보다
5a48accee81f	xx49년 11월 10일
472d845374aa	【피투성이 어머니】
49d3234a2d82	어머니가 사람을 죽였다
f006cf7e1fcb	붉은 피 진한 피 냄새
d358da2caecc	피 냄새 무서워 무서워
a3d6995f4258	나 때문일까? 이 냄새가 싫다
e71d1acaa86c	정말 싫다.
f91af970a393	살인자...살인자...
f0040deae7b8	어머니는 살인자다.
69406112c010	이 찢어진 종이에는 겁에 질린
64dda40629cf	글씨가 휘갈겨져 있다.
6225c66b059a	내 옛 일기에서 나온 것이다...
f7f102e8ea67	이걸 쓸 때 분명 몹시
c2e926342bd1	무서웠던 모양이다.
77b3c9733e2c	피가 무섭고..."어머니"가 무서웠다...
2e162b5037a7	기억 속에서...
0eee8e10a048	그 많은 사람을 죽인 여자의 얼굴은
93b6bd7c1b80	내 머릿속에서 자주 보던
caf23ad2e475	피투성이 얼굴과
fe7299255ca0	똑같다.
b6f27a546fcd	괴물 같은 눈을 하고
dbae78d0b20b	머리카락과 입술은
358449aabb1f	피로 붉게 물들어 있다.
4ec6fbb4a6d8	내 머릿속의 그 여자도
e3906ba1cab1	살인자다.
2992f9e57f0b	그리고, 그 사람은...
3af6465a9f1a	나의 %W30어머니...
9a05b4616c3f	머리가 정말 아프다...
f4aa4a0fd99e	피 냄새가 부서지고 상처 입은
94c3ad1a8303	내 몸에 배어 있다.
d01d5f2e932c	마음도 두들겨 맞았다...
09506c9041bb	하지만 피 냄새는...이제
5e7c1c12a8da	"공포"를 주지 않는다.
4f22d120b00e	오히려...
ca8919aa67f5	피 냄새가 나를
edf87361fde9	안정시킨다는 것을 깨닫는다.
e7df9f746008	이 축축하고 역겨운 냄새가
cee3bf71ab41	나를 위로한다고?
bda15831057f	...뭐...
43d7eee9f396	나한테 무슨 일이 생긴 거지?
d4a0583ae183	피 묻은 손으로 몸을 일으켜
fa272b93230b	문으로 향한다.
75971d9ed662	차가운 돌 냄새...
241d64c2cc5b	피와 죽음의 악취...
703efb3cf242	물 떨어지는 소리와
815aed71430e	죄수들의 신음...
aee9fe7c550f	이 모든 것이...어머니를
de5be46adf90	떠올리게 한다...
0fda216d2b6c	기분이 좋다.
f312faec801f	이곳은...마치...
8cc3067f6a96	...어머니의 자궁 같다.
b8afd4424785	넌 별로 움직이지 않는구나,
9a3f6e25e435	그렇지...?
5ec3ec60975f	...피 냄새가 나는 이 감옥에서...
1a5ba3779825	무슨 생각을 하고 있니?
c64a6be7a4bf	...너의 그런 면이...
1c910135a1af	...마르텔을 떠올리게 해...
d621578c30e0	화들짝 깨어 보니 악취에
516746621407	둘러싸여 서 있다.
81a8eb92ab1e	손에 든 종이를 본다.
d3f2f9e8cece	메일리의 일기일 것이다.
6b2e3bfa464f	xx50년 7월 17일
585068d99221	【치료제의 DNA】
86774359d0b1	예상대로 치료제 연구는
177738d43b8b	순조롭지 않다.
db7e47e004fa	치료제를 만들려면
a6c92c135a1b	특정한 유전자가 필요하다.
c80b5da899d0	하지만 그 DNA를 구할 방법이 없다...
d9e7ff361f3d	사슬에 묶인 소녀가 가만히
bf612ffaed12	움직이지 않고 앉아 있는 걸 보면...
e616177fb7cf	마르텔이 떠오른다.
c70a9b55b6ea	그 시절...
72eeffd37fb1	...나는 지하 시설의 감옥에
cf6ec198189b	사슬로 묶여 있었다.
811343245256	...기억나.
8e8fea62f9b8	피 냄새. 신음 소리.
03cfef6e3c2b	그 소리들이 얼마나 위안이
66307dd32191	되었는지 기억나...
909612bbed23	나와 함께 도망치자...
465f4989055c	도망...치자고...?
726df4054da8	응. 나와 함께 도망칠래?
deffbd60dbfa	...그녀가 여기 너와 함께 있지,
b47e453e7d5c	않니?
97130113a90b	아...
a7a496add094	네 어머니일지 모르지만...
a7c6ef93947c	사람을 죽이고 너를
b1961e0b5373	사슬로 묶어 두잖아...
5cdde8e6041a	다시는 그녀를
f4241ddb28ef	볼 필요 없어...
3e7a685bd4e7	죽음의 냄새로 가득한
f0e55821415c	으스스한 지하 시설에는
235a9c72e93f	가지 않을 거야.
bd1ada4f4bc6	하지만, 사샤...
9544ef975588	...어머니를 보고 싶어.
0c1bc4cc1061	회상이 끊기고 나는
4b27e0b46a11	천천히 눈을 뜬다...
7ea85fa0d3fa	멍하니 있다가 정신을 차리고
7202ea15a800	손에 든 종이를 내려다본다.
ee2fff4af4ec	xx50년 2월 8일
9240bf01f96a	【어머니를 만나고 싶어】
1a66391e4a9b	나는 피 냄새가 가득한 차갑고
04f2bf0c7ce6	음침한 지하 시설에 있다.
7cc26fd79cc1	아, 어머니. 가까이 있어요.
2ed2fbda8eee	사샤가 내 손을 잡고 죽음도
b9425d020872	증오도 전쟁도 없는 곳으로
21e326aea5f8	같이 도망치자고 했다.
1a58e591399c	사람이 죽는 걸 보지 않아도 되는
a456243003d4	평화로운 삶을 꿈꾸곤 했다.
d81c0a2d2622	하지만 어머니를 보고 싶다.
e394225529e7	나는...나는...
e68e23b2bdcd	어머니와 함께 있고 싶어...
fc58bb3ae236	죽음의 냄새에 둘러싸여서...
0e54405980d0	그래서 여기 왔다.
c620a10ae53d	어머니를 보고 싶어...
5156c9e9a4bb	나도 모르는 사이에...
987f93eb5f68	내 몸에 밴 피 냄새를 필사적으로
db26f9f27359	맡으려 하고 있다...
e1239a4fce73	나는 살과 피를 갈망한다.
a7cf16068ec3	나는...어머니를 갈망한다.
e99f8475aa1a	xx34년 3월 23일
bd1170290df0	【피의 서약】
55c8500bc8aa	내 낙원은 전쟁터에 있다
50e5eb533a87	나는 죽이고 고문한다.
6940bd46c2f3	살과 피를 찢으며 비명을 들으면
82255938862d	마음이 평온해진다.
f4c5098098d2	나는 노인과 여자, 아이를
11566f6578e8	죽인다.
81f18ddb78d2	하지만, 이해할 수 없다...
bd11239235c3	내가 죽인 어머니와 아이는
6af62233f1ff	서로에게 기댄 채 쓰러져 있었다...
322bb64d834b	죽어서도 함께다.
5368c588804e	부모, 아이, 어머니...
7a5fe850f4f5	나는 이해할 수 없다.
3adc9fe8641c	너희는 이제 살아 있지 않은데.
9db6525fc671	왜 함께 있는 거지?
5d06e1423145	잔해에 묻힌 작은 아기,
6b113dc9270a	피로 뒤덮인 채...
af06da02a71e	말해 줘. 알고 싶어.
754a7ae7289c	이제부터 너는 내 딸이다.
2c713738ea77	...종이를 오르간의
c3c35d6a9098	구멍에 넣는다.
253a4d00c846	아기...
0b2e3be0bf20	이 잔해에 묻혀 있던...
f76c87bd2ced	작은 아이가...
fa1b4b262dd9	...여기 묻혀 있었다...
9b7cedbb8a13	울지 마, 아가...
291225eeed48	아가...
910c7072c611	아기...
2c8e9ac9b3fa	이제부터...
7e9d4c945265	너는 내 딸이다
0a2180c1e09f	xx51년 6월 1일
266395f6cbc6	【새 백신 테레지아】
d8b0387ff06f	모든 처형이 끝난 뒤...
f1208e479d60	감염자가 모두 죽은 뒤...
ae612af1e4fe	그 모든 것이 끝난 뒤...
57082576e2b0	나는 마침내 새 백신
ab8e3ae8d71e	테레지아를 만들어 냈다.
ae51fab35c0c	마르텔 테레지아의 유전자로만
fb75b01bb06d	만들 수 있다...
e40bfb3f9025	하지만 에밀 테레지아가 같은
b59e1928d28e	유전자 배열을 가졌음을 알아냈다.
c886433f9238	...나는 이 새 백신을
04e1c6443500	리앤에게 주기로 했다.
a49f306f9cf9	용병들은 이미 떠났다.
c401549c0c6d	나도 떠나야 한다.
c768ea3f42b2	리앤과 에밀만 남게 될 것이다.
7827625adc9e	나는...
7225af788614	...사랑받은 적이 있었을까?
7d888cb88635	...사랑?
078bf3bfc0b5	바보 같은 소리 마.
f8f3ccf9e2a9	바보 같다고?
f8ac2133c7b6	...응
fdebae380a46	정말 어리석은 말이야.
e68f74f3658d	하지만, 나는...
4ed1ea8f148c	그래서, 나는...
4af5230eac7a	그녀와 영원히
d25088ecd4af	함께 있고 싶어.
70e168b5ef8e	그렇구나...
007dd217769a	좋아. 말리지 않을게.
821dd3a11425	당신은 누구도 사랑해 본 적이
fa8896010f7f	없나요, 메일리?
fbf41d55ab23	꼭 그렇진 않지만...
cc22c41925ff	...이제 사랑 이야기는 그만...
b45b0dbcb7d6	...이리 와 봐.
de27c4a2a488	이제 내가 떠날
d0a0a78f5d23	시간이야.
2943c8421fea	...이걸 주고 싶었어.
6669740a4ebc	...이 백신은 어느 소녀의
6f4c7683d09a	DNA로 만들어졌어.
64142e3fcee2	나는 백신을 맞았기 때문에
8c6733a29836	아직도 그 소녀에게 침식당하고 있어.
87291cf98b7d	치료제의 이름은 그 소녀에게서
7bbf661c3e7f	따온 거야.
6776b8fd55b2	...마르텔 테레지아.
9f6245825602	우연이겠지만 그녀는 네 어머니와
05cb9f568c8d	이름이 같았어.
74bfba942501	마르텔은 이제 살아 있지 않아...
1426e7e51c62	...내 말이
875346c5e330	무슨 뜻인지 알겠니?
c2e7fc3607da	이 사람이 네 어머니야.
0ca955bfb753	xx52년 11월 3일
9d79679c66b9	【나의 기억】
ffb9c5b10ca9	어머니는 이 지하 시설 곳곳에
339bafc078d7	함정을 설치하고 있다.
aba7550d5005	어머니는 아마 폭력으로만
a99d6f080ad1	사랑을 표현할 수 있을 것이다.
cad78cfbf955	어머니는 나를 곁에 두려 한다
7fefd1956182	내가 어머니를 두고
191a0e266316	다른 곳으로 간다면...
4f3e31ceb330	어머니는 분명 나를 놓아주느니
b5040e88f5ea	죽이려 할 것이다.
2b28ffd5e046	그리고 나를 다치게 함으로써
1b82333cc517	내가 결코 잊지 못하게 한다.
8f77752601b4	그것이 어머니가 아는
d75c3dd52600	유일한 사랑의 방식이었다.
0445d140d728	이제...잘 시간이야...
c609901f2a7b	내 기억은 날마다 흐려진다.
cad281ce4d5b	아무래도 보랏빛 바이러스에
ddf1d25fcf70	감염된 것 같다.
688f618ec275	그래서 백신을 맞았다.
1f03c1979e2c	붉게 꿈틀거리는 백신.
4f3913873759	사랑하는 어머니가 내 몸속에서
359907f3efbc	조용히 꿈틀대고 있다.
bbcb1ff36766	"백신 테레지아"...
f4b8020087d1	어머니를 감싼
5c0be12afc16	피 냄새...
b518cfb7fd11	광기가 가득한 눈...
aa6d61e8d350	맞아... 기억나.
a0f75f4cb1d1	어머니가 나를 발견한 날부터...
f7052ae437ac	어머니는...
8bc7d1dac51f	...언제나 나를 사랑했어.
72130f820161	[피의 서약]
6d4f5b0108d4	[아이에게 이름을]
336722504b20	[고문하는 어머니]
572b650e9ede	[어머니와의 약속]
a6932bc2cd90	[사샤]
1de5b97e491e	[붉은 꽃]
b294e9942753	[외양간 일]
0629f08e8ab9	[어머니의 손]
723b0209ae1f	[편지]
cbf0b2551a18	xx45년 1월 29일
0891a8303dd2	[전쟁의 끝]
3507819da168	[의사단]
c9254bf2d3be	[창고의 붉은 구슬]
bf2b503e4eea	[사랑의 고백]
ccc752310202	[죽음의 순간]
641d3cf448c6	[피투성이 어머니]
b613bcc5a124	[꽃밭의 소녀]
1d19706c6e79	[병에서 도망치다]
78b22dfbbfe1	[어머니를 만나고 싶어]
b8b226f7be65	[감금]
c1b981dd2875	[고문]
e5eb21a177b2	[백신의 DNA]
4952113086fd	[신부의 죽음]
5e490597d3e3	[피난 명령]
02ebe9c86a22	[어머니와 함께]
965d8a5cbd05	[에밀과 리앤]
c4941e0932e1	[새 백신 테레지아]
0bbd6efc11a6	[나의 기억]
49f47dc49046	갑자기 액체에 닿은 벌레들이
8ea22d1ddda5	나를 향해 달려든다.
4bc136667ca7	피해 보지만 몇 마리가 붙어
f48b0f5f2917	살갗을 물어뜯는다.
2460e09f22ba	팔을 기어오르며 날카로운
27ca2efd2236	이빨이 살을 찢는 게 느껴진다.
ae41efcf341f	몸을 타고 오르는 벌레를 보니
7d7311e3c54f	구역질이 난다.
139307493369	주변의 벌레들을 필사적으로
74abbbc6a3cb	털어 낸다.
28756e772de7	천은 이미 에탄올에
f279be679b39	흠뻑 젖었다.
4b9e594a5555	이 물건들은 조합할 수
2236e8528cdc	없는 것 같다.
d28de0d28d24	여기서는 지도를 열 수 없는 것 같다.
2c4ee28ac4d3	엘릭서를 꺼내 내용물을
c45ae18018ca	살펴본다.
4d2d3ce98b4d	이걸 쓰면 몸을 치료할 수
ce8972080983	있을지도...
a28828c2b51e	하지만...혹시 독이라면?
f6a0445c3bc0	잠시 고민하다가
092ca7a804ae	다시 주머니에 넣는다.
3e32194b17a4	엘릭서의 약을
17251edb13c2	마신다.
1d67002d0ce0	고통과 피로가 사라진다...
6d5dafc5cce8	마침내 진정하고
e6e321b73ecd	문을 바라본다.
5ac86c5c82ac	문에는 %C1[카오스에 오신 것을 환영합니다]
794030b64185	라고 쓰여 있다.
a0a0d03236c6	...무슨 뜻일까?
00348a11dc05	누가 왜 이런 말을
ee9fec336392	이 문에 썼을까?
af72649440f9	...여기는 어디지?
67a3eaea1c2b	...이게 무슨 뜻이지?
e337778c8bb0	주위를 다시
df7b4e48474d	책과 문서가 많이
9db262af84bf	보관되어 있다.
500d6e802b77	단서가 있을지도 모른다.
37c42c7707bb	...조금 둘러봐야겠다.
b7a94ebceb6b	하지만 여기서는
e40e02128266	정말 조심해야 한다.
0e87d633f771	나에게 떨어졌던 피 묻은
257e833c56cb	칼...
3eb412a136cc	문을 만졌을 때 온몸을
e29ab47f6621	관통한 끔찍한 통증...
b4e019809966	이곳은 뭔가 크게
b4a3f6d7660b	잘못됐다.
e86245ed7109	좀 쉬어서 예전만큼
bdfb5c49ba40	아프지는 않다.
90dbab78826c	지금은 쓸 필요가 없다.
9c6e00c1c7df	몸이 무겁다...
95cec63ccdac	저 약을 조금 먹으면
310081143843	피로가 조금은
e09763043604	가실지도 모른다.
fcccb2e1e750	주사기의 뚜껑을 뽑는다.
2a69671f2835	끝에 바늘이 달려 있다.
8bd8800a2cfb	바늘을 피부에 찔러
21c01ba38cef	약을 주입한다.
e09ade5208e6	메스꺼움이
6fb9921283e8	가라앉기 시작한다...
bdea887462ee	들이마신 독가스가
dcbc464bb53c	중화된 것 같다.
5cd55346ca12	그 약은 아마
963f4d098ece	해독제였나 보다.
f854ba60ee7c	잠시 쉰 뒤 천천히
898e391f6b4a	일어선다.
dbdc87a25b25	몸이 너무 무겁다...
06b812151c8d	찾아낸 약을 쓰면
855331fe2ef8	몸을 치료할 수 있을 것이다.
1c380d7351a7	펜던트를 움켜쥔다.
18bfb07fe14f	철사의 쇠가시가 손을
6cf719f46843	파고들고 손가락 사이로
6349260e4ff1	피가 배어 나오는 게 느껴진다.
ce2c2d955490	...이상하리만치 침착하다.
6e964f71447a	조용히 기도를 중얼거리며
44db5918c57b	지금 상황을 다시 생각한다...
96331b6b0f43	머리가 천천히 돌아가기 시작하고
226af5cd0acb	눈앞의 문제들을
8c9342053093	하나씩 짚어 본다...
aa831625ac85	지금은 방독면을
d96e3173b712	벗을 수 없다...
6237ceef779d	부츠를 신는다.
d27955fd04e6	방독면을 벗는다.
19d9f17a0107	방독면을 쓴다.
c36dfa72b4d4	어떻게든 살아남았다...
a7e71f1a06ea	머리가 멍하다...
4829ebbe00d0	여기서 나가야 해...
a11e7cbef774	여기서 나갈 방법을
5424ad917e3f	찾아야 해...
fb34dbee3472	부츠를 벗는다.
0bc651ff1992	머리가 멍하다.
3e326a2838f7	여기서는 쓸모가 없다...
73cf2eaba66c	일기를 보고 있다.
fa889d10db43	먼저 일기를 덮어야 한다.
40ece48bd384	일기 조각
e8d0e76046f0	종이 한 장
fc2efe85843a	접어서 주머니에
bc0e49f5faf4	넣어 둔 것.
24493d9ce223	개 열쇠
bf73da9d3898	그림이 새겨진 열쇠다.
039cd429e1fe	그려진 것은 개다.
70bc5a3c7b13	닭 열쇠
21872afec2d0	그려진 것은 닭이다.
c818f9b8ee0a	당나귀 열쇠
8c10a26ac396	그려진 것은 당나귀다.
771e34157647	그려진 것은 고양이다.
04b7bd970432	수상한 열쇠 (R)
dcfb3f2db61f	문장이 새겨져
aa241cc78523	있다.
9f117db56f4e	글자도 하나
a408fc0ecc78	R이 새겨져 있다.
18c89cda415f	수상한 열쇠 (L)
1e073bf031ef	L이 새겨져 있다.
b05d1dc17061	고양이 열쇠
d81f3692d7cd	사슬
7a0ff983debf	둘러본다.
